Workbook

Sheet Instructor Notes
A1: Week 3 Thursday — TRIM, Data Cleaning & Text Functions
A3: SESSION OVERVIEW
A4: Part 1: Why Text Cleaning Matters (15 min) — live COUNTIF demo with/without spaces
A5: Part 2: TRIM (30 min) — Cleaned Data sheet with TRIM, PROPER, UPPER, LOWER, LEN
A6: Part 3: LEN and SUBSTITUTE (25 min) — character counts & text replacement
A7: Part 4: Removing Duplicates (20 min) — unique InvoiceNo and CustomerID counts
A8: Part 5: Group Exercise (25 min)
A10: VERIFIED OUTPUTS TO CONFIRM DURING DEMO
A12: TRIM problem demo (Part 1):
A13: =COUNTIF(C:C,"WHITE HANGING HEART T-LIGHT HOLDER") → gets a count
A14: =COUNTIF(C:C," WHITE HANGING HEART T-LIGHT HOLDER") → returns 0
A15: Full dataset: 113,452 Description values have leading/trailing spaces
... A38: 4. SUBSTITUTE is case-sensitive: 'HOLDER' ≠ 'holder'

Sheet Raw Data
A1: InvoiceNo | B1: StockCode | C1: Description | D1: Quantity | E1: InvoiceDate | F1: UnitPrice | G1: CustomerID | H1: Country
A2: 536365 | B2: 85123A | C2: WHITE HANGING HEART T-LIGHT HOLDER | D2: 6 | E2: 12/1/2010 8:26 | F2: 2.55 | G2: 17850 | H2: United Kingdom
A3: 536365 | B3: 71053 | C3: WHITE METAL LANTERN | D3: 6 | E3: 12/1/2010 8:26 | F3: 3.39 | G3: 17850 | H3: United Kingdom
A4: 536365 | B4: 84406B | C4: CREAM CUPID HEARTS COAT HANGER | D4: 8 | E4: 12/1/2010 8:26 | F4: 2.75 | G4: 17850 | H4: United Kingdom
A5: 536365 | B5: 84029G | C5: KNITTED UNION FLAG HOT WATER BOTTLE | D5: 6 | E5: 12/1/2010 8:26 | F5: 3.39 | G5: 17850 | H5: United Kingdom
A6: 536365 | B6: 84029E | C6: RED WOOLLY HOTTIE WHITE HEART. | D6: 6 | E6: 12/1/2010 8:26 | F6: 3.39 | G6: 17850 | H6: United Kingdom
A7: 536365 | B7: 22752 | C7: SET 7 BABUSHKA NESTING BOXES | D7: 2 | E7: 12/1/2010 8:26 | F7: 7.65 | G7: 17850 | H7: United Kingdom
A8: 536365 | B8: 21730 | C8: GLASS STAR FROSTED T-LIGHT HOLDER | D8: 6 | E8: 12/1/2010 8:26 | F8: 4.25 | G8: 17850 | H8: United Kingdom
A9: 536366 | B9: 22633 | C9: HAND WARMER UNION JACK | D9: 6 | E9: 12/1/2010 8:28 | F9: 1.85 | G9: 17850 | H9: United Kingdom
A10: 536366 | B10: 22632 | C10: HAND WARMER RED POLKA DOT | D10: 6 | E10: 12/1/2010 8:28 | F10: 1.85 | G10: 17850 | H10: United Kingdom
A11: 536367 | B11: 84879 | C11: ASSORTED COLOUR BIRD ORNAMENT | D11: 32 | E11: 12/1/2010 8:34 | F11: 1.69 | G11: 13047 | H11: United Kingdom
A12: 536367 | B12: 22745 | C12: POPPY'S PLAYHOUSE BEDROOM | D12: 6 | E12: 12/1/2010 8:34 | F12: 2.1 | G12: 13047 | H12: United Kingdom
... A623: 536412 | B623: 20750 | C623: RED RETROSPOT MINI CASES | D623: 1 | E623: 12/1/2010 11:49 | F623: 7.95 | G623: 17920 | H623: United Kingdom
A624: 536414 | B624: 22139 | D624: 56 | E624: 12/1/2010 11:52 | F624: 0 | H624: United Kingdom
A625: 536415 | B625: 22952 | C625: 60 CAKE CASES VINTAGE CHRISTMAS | D625: 10 | E625: 12/1/2010 11:57 | F625: 0.55 | G625: 12838 | H625: United Kingdom
A626: 536415 | B626: 22910 | C626: PAPER CHAIN KIT VINTAGE CHRISTMAS | D626: 5 | E626: 12/1/2010 11:57 | F626: 2.95 | G626: 12838 | H626: United Kingdom
A627: 536415 | B627: 22739 | C627: RIBBON REEL CHRISTMAS SOCK BAUBLE | D627: 3 | E627: 12/1/2010 11:57 | F627: 1.65 | G627: 12838 | H627: United Kingdom
A628: 536415 | B628: 22738 | C628: RIBBON REEL SNOWY VILLAGE | D628: 3 | E628: 12/1/2010 11:57 | F628: 1.65 | G628: 12838 | H628: United Kingdom
A629: 536415 | B629: 22736 | C629: RIBBON REEL MAKING SNOWMEN | D629: 3 | E629: 12/1/2010 11:57 | F629: 1.65 | G629: 12838 | H629: United Kingdom
A630: 536415 | B630: 22909 | C630: SET OF 20 VINTAGE CHRISTMAS NAPKINS | D630: 5 | E630: 12/1/2010 11:57 | F630: 0.85 | G630: 12838 | H630: United Kingdom
A631: 536415 | B631: 35591T | C631: TURQUOISE CHRISTMAS TREE | D631: 2 | E631: 12/1/2010 11:57 | F631: 1.25 | G631: 12838 | H631: United Kingdom
A632: 536415 | B632: 22186 | C632: RED STAR CARD HOLDER | D632: 5 | E632: 12/1/2010 11:57 | F632: 2.95 | G632: 12838 | H632: United Kingdom
A633: 536415 | B633: 22695 | C633: WICKER WREATH SMALL | D633: 3 | E633: 12/1/2010 11:57 | F633: 1.45 | G633: 12838 | H633: United Kingdom
A634: 536415 | B634: 22470 | C634: HEART OF WICKER LARGE | D634: 1 | E634: 12/1/2010 11:57 | F634: 2.95 | G634: 12838 | H634: United Kingdom
A635: 536415 | B635: 22580 | C635: ADVENT CALENDAR GINGHAM SACK | D635: 1 | E635: 12/1/2010 11:57 | F635: 5.95 | G635: 12838 | H635: United Kingdom
A636: 536415 | B636: 22469 | C636: HEART OF WICKER SMALL | D636: 5 | E636: 12/1/2010 11:57 | F636: 1.65 | G636: 12838 | H636: United Kingdom
... A1001: 536520 | B1001: 21358 | C1001: TOAST ITS - HAPPY BIRTHDAY | D1001: 2 | E1001: 12/1/2010 12:43 | F1001: 1.25 | G1001: 14729 | H1001: United Kingdom

Sheet Cleaned Data
A1: CleanDescription | B1: CleanProper | C1: CleanUpper | D1: CleanLower | E1: OriginalLen | F1: TrimmedLen | G1: CleanStockCode | H1: SubstituteDemo
A2: =TRIM('Raw Data'!C2) | B2: =PROPER(TRIM('Raw Data'!C2)) | C2: =UPPER('Raw Data'!C2) | D2: =LOWER('Raw Data'!C2) | E2: =LEN('Raw Data'!C2) | F2: =LEN(TRIM('Raw Data'!C2)) | G2: =SUBSTITUTE('Raw Data'!B2," ","") | H2: =SUBSTITUTE('Raw Data'!C2,"HOLDER","STAND")
A3: =TRIM('Raw Data'!C3) | B3: =PROPER(TRIM('Raw Data'!C3)) | C3: =UPPER('Raw Data'!C3) | D3: =LOWER('Raw Data'!C3) | E3: =LEN('Raw Data'!C3) | F3: =LEN(TRIM('Raw Data'!C3)) | G3: =SUBSTITUTE('Raw Data'!B3," ","") | H3: =SUBSTITUTE('Raw Data'!C3,"HOLDER","STAND")
A4: =TRIM('Raw Data'!C4) | B4: =PROPER(TRIM('Raw Data'!C4)) | C4: =UPPER('Raw Data'!C4) | D4: =LOWER('Raw Data'!C4) | E4: =LEN('Raw Data'!C4) | F4: =LEN(TRIM('Raw Data'!C4)) | G4: =SUBSTITUTE('Raw Data'!B4," ","") | H4: =SUBSTITUTE('Raw Data'!C4,"HOLDER","STAND")
A5: =TRIM('Raw Data'!C5) | B5: =PROPER(TRIM('Raw Data'!C5)) | C5: =UPPER('Raw Data'!C5) | D5: =LOWER('Raw Data'!C5) | E5: =LEN('Raw Data'!C5) | F5: =LEN(TRIM('Raw Data'!C5)) | G5: =SUBSTITUTE('Raw Data'!B5," ","") | H5: =SUBSTITUTE('Raw Data'!C5,"HOLDER","STAND")
A6: =TRIM('Raw Data'!C6) | B6: =PROPER(TRIM('Raw Data'!C6)) | C6: =UPPER('Raw Data'!C6) | D6: =LOWER('Raw Data'!C6) | E6: =LEN('Raw Data'!C6) | F6: =LEN(TRIM('Raw Data'!C6)) | G6: =SUBSTITUTE('Raw Data'!B6," ","") | H6: =SUBSTITUTE('Raw Data'!C6,"HOLDER","STAND")
A7: =TRIM('Raw Data'!C7) | B7: =PROPER(TRIM('Raw Data'!C7)) | C7: =UPPER('Raw Data'!C7) | D7: =LOWER('Raw Data'!C7) | E7: =LEN('Raw Data'!C7) | F7: =LEN(TRIM('Raw Data'!C7)) | G7: =SUBSTITUTE('Raw Data'!B7," ","") | H7: =SUBSTITUTE('Raw Data'!C7,"HOLDER","STAND")
A8: =TRIM('Raw Data'!C8) | B8: =PROPER(TRIM('Raw Data'!C8)) | C8: =UPPER('Raw Data'!C8) | D8: =LOWER('Raw Data'!C8) | E8: =LEN('Raw Data'!C8) | F8: =LEN(TRIM('Raw Data'!C8)) | G8: =SUBSTITUTE('Raw Data'!B8," ","") | H8: =SUBSTITUTE('Raw Data'!C8,"HOLDER","STAND")
A9: =TRIM('Raw Data'!C9) | B9: =PROPER(TRIM('Raw Data'!C9)) | C9: =UPPER('Raw Data'!C9) | D9: =LOWER('Raw Data'!C9) | E9: =LEN('Raw Data'!C9) | F9: =LEN(TRIM('Raw Data'!C9)) | G9: =SUBSTITUTE('Raw Data'!B9," ","") | H9: =SUBSTITUTE('Raw Data'!C9,"HOLDER","STAND")
A10: =TRIM('Raw Data'!C10) | B10: =PROPER(TRIM('Raw Data'!C10)) | C10: =UPPER('Raw Data'!C10) | D10: =LOWER('Raw Data'!C10) | E10: =LEN('Raw Data'!C10) | F10: =LEN(TRIM('Raw Data'!C10)) | G10: =SUBSTITUTE('Raw Data'!B10," ","") | H10: =SUBSTITUTE('Raw Data'!C10,"HOLDER","STAND")
A11: =TRIM('Raw Data'!C11) | B11: =PROPER(TRIM('Raw Data'!C11)) | C11: =UPPER('Raw Data'!C11) | D11: =LOWER('Raw Data'!C11) | E11: =LEN('Raw Data'!C11) | F11: =LEN(TRIM('Raw Data'!C11)) | G11: =SUBSTITUTE('Raw Data'!B11," ","") | H11: =SUBSTITUTE('Raw Data'!C11,"HOLDER","STAND")
A12: =TRIM('Raw Data'!C12) | B12: =PROPER(TRIM('Raw Data'!C12)) | C12: =UPPER('Raw Data'!C12) | D12: =LOWER('Raw Data'!C12) | E12: =LEN('Raw Data'!C12) | F12: =LEN(TRIM('Raw Data'!C12)) | G12: =SUBSTITUTE('Raw Data'!B12," ","") | H12: =SUBSTITUTE('Raw Data'!C12,"HOLDER","STAND")
A13: =TRIM('Raw Data'!C13) | B13: =PROPER(TRIM('Raw Data'!C13)) | C13: =UPPER('Raw Data'!C13) | D13: =LOWER('Raw Data'!C13) | E13: =LEN('Raw Data'!C13) | F13: =LEN(TRIM('Raw Data'!C13)) | G13: =SUBSTITUTE('Raw Data'!B13," ","") | H13: =SUBSTITUTE('Raw Data'!C13,"HOLDER","STAND")
... A1001: =TRIM('Raw Data'!C1001) | B1001: =PROPER(TRIM('Raw Data'!C1001)) | C1001: =UPPER('Raw Data'!C1001) | D1001: =LOWER('Raw Data'!C1001) | E1001: =LEN('Raw Data'!C1001) | F1001: =LEN(TRIM('Raw Data'!C1001)) | G1001: =SUBSTITUTE('Raw Data'!B1001," ","") | H1001: =SUBSTITUTE('Raw Data'!C1001,"HOLDER","STAND")
